<?xml version="1.0" encoding="UTF-8" standalone="yes"?>
<assembly>
	<id>all</id>
	<formats>
		<format>zip</format>
	</formats>
	<fileSets>
		<fileSet>
			<includes>
				<include>README*</include>
				<include>license*</include>
				<include>CHANGES*</include>
				<include>lib/</include>
				<include>src/</include>
			</includes>
		</fileSet>
		<fileSet>
			<directory>target</directory>
			<outputDirectory></outputDirectory>
			<includes>
				<include>*.jar</include>
			</includes>
		</fileSet>
	</fileSets>
</assembly>